{
  "weights": [
    -1.0383775123216403,
    0.007906415928311072,
    0.004852002263939868,
    0.0052477648110461385,
    0.007130413413547736,
    0.0019950580773894955,
    0.004023303852380707,
    0.004356580052602606,
    -0.511503345910453,
    -0.7640995855789237,
    -0.5312737810239082,
    -0.15222416210443757,
    -0.24221608049758203,
    -0.06723731326561448,
    -0.21587317017815455,
    -0.0460411081801868,
    0.28514324474024,
    -0.054343763573961
  ],
  "bias": -1.0316915153685655
}