{
  "weights": [
    -1.0291631895212712, 0.008439588237811846, 0.0007572893976551498,
    0.005731704653380711, 0.0050676953810456895, 0.005805243885222076,
    0.0035656098200893727, 0.0015406416760097642, -0.5119037540944008,
    -0.7714733224414299, -0.5284929561912056, -0.1520684874742253,
    -0.23968896777662588, -0.0639091888354816, -0.21221591467397669,
    -0.045576251562061985, 0.29913100089308026, -0.050860376173544636
  ],
  "bias": -1.0310288434715877
}
