{
  "weights": [
    0.5200198259469924,
    0.0021460290354218393,
    0.008856470139043894,
    0.0015006374667255761,
    0.009754314708531149,
    0.007017772702832912,
    0.5222291402470469,
    0.008378220541758111,
    0.2577796944522523,
    -1.2125835404231278,
    -0.5454745754765036,
    0.8535494372166573,
    -0.693089317171349,
    3.1117091841803317,
    -0.8016577767967196,
    -0.5192364503285897,
    -0.18543916539343183,
    -0.6603529667227325
  ],
  "bias": 0.5199680218760689
}