{
  "weights": [
    -1.037087347108377,
    0.0004522367034883468,
    0.00986713799521014,
    0.006210383670234354,
    0.008710846587097065,
    0.001681666872752976,
    0.009179536248791989,
    0.005518869518926741,
    -0.5147639391834391,
    -0.7598808718006567,
    -0.5275965036022511,
    -0.14751571799723684,
    -0.23721895017421296,
    -0.06067748831561961,
    -0.21152029837930936,
    -0.04800870112000612,
    0.2832014167538638,
    -0.054567650226761605
  ],
  "bias": -1.0389181538548362
}