{
  "weights": [
    0.52016711862336,
    0.00884753842057331,
    0.004402346670135558,
    0.0036530897733002133,
    0.006577336216995917,
    0.006710858783515828,
    0.5190951842565218,
    0.009193824248432951,
    0.2614030440074518,
    -1.212578957280652,
    -0.5456739913428966,
    0.8533524001103634,
    -0.6932889062875058,
    3.1115113360132587,
    -0.801856999226844,
    -0.5194381329921475,
    -0.18563924766728876,
    -0.6605529894822812
  ],
  "bias": 0.5213387369847168
}