{
  "weights": [
    -0.8210633422438746,
    0.0030003126432784333,
    0.007501734542003811,
    0.005458422934053935,
    0.0029793274772688893,
    0.007442032664502641,
    0.007191446176019349,
    0.006407382053342747,
    0.0022881569273354584,
    0.004730390196447978,
    0.0005850425988453445,
    0.003354724803985709,
    -0.01954642973767696,
    -0.001670591542127108,
    0.0014236253913424187,
    0.005330920988534484,
    0.0023052645672593177,
    0.006594991006950532,
    -0.2991239312493667,
    -0.0025335350830014043,
    -0.00003602183373936759,
    -0.05904786785242306,
    0.00154439932792429,
    -0.29540987821024856,
    -0.46476416232537576,
    -0.031151378560104692,
    -0.39501112527891213
  ],
  "bias": -0.4118435979161135
}