{
  "weights": [
    -0.26372348509587346, 0.0031106990447747297, -0.26344335989747275,
    0.009560965837637454, 0.005581417916308249, 0.0005415683611836886,
    0.00408131232143786, 0.007743051814006683, -0.20119719786278348,
    -1.2344995602386932, -0.4570728255489883, 2.2912418716383707,
    -0.5364441309810846, -0.1819704541658359, -0.5040049876368106,
    -0.11546701254419812, -0.6002265631789936, -0.14303737733279367
  ],
  "bias": -0.26397579691175727
}
