{
  "weights": [
    -0.6110478671632734,
    0.0054567792078118816,
    0.0018695426484856316,
    0.004220521191136435,
    0.0034204424371944487,
    0.007482742686212831,
    0.005031222593138112,
    0.007000703273618659,
    -0.38108000653103885,
    -1.2601617986960483,
    1.1022726287543363,
    -0.3654086021050312,
    -0.24211730452580724,
    -0.10806488925658343,
    -0.09173170854471477,
    -0.3417570464444862,
    -0.07811673353871953,
    -0.43964127479815485
  ],
  "bias": -0.6171397941336011
}