{
  "weights": [
    -1.0337179375215864,
    0.006077744136315322,
    0.0064084043083814345,
    0.005418185839326117,
    0.0067368811499231105,
    0.007318962354326153,
    0.0006399643760465445,
    0.008599047023408008,
    -0.5095907012701933,
    -0.7698342142194232,
    -0.5279480203251685,
    -0.15359324975762123,
    -0.24139764294693883,
    -0.06687376856158815,
    -0.20945911998249342,
    -0.04634920775706098,
    0.2945485667782463,
    -0.05108776175504491
  ],
  "bias": -1.0292073343886936
}