{
  "weights": [
    -0.549736983148846,
    -0.5428870749951794,
    0.006268504939626785,
    0.004921660940929602,
    0.008432655382929411,
    0.009255246254354253,
    0.0031497650392202513,
    0.00013030260380781034,
    -0.33921396249522645,
    -0.6256287450027768,
    0.38746347780348256,
    -0.3470952671641711,
    -0.2067277287451456,
    -0.09993573304898257,
    -0.08352548516386298,
    -0.3081279839123591,
    -0.07206730375813249,
    0.22294006920024137
  ],
  "bias": -0.5404396665475925
}