{
  "weights": [
    0.0024515240218564126,
    0.004005891168681979,
    0.0030685533152691115,
    0.006127967484703407,
    -1.2257638702821805,
    0.009209250463867473,
    0.009461582121172728,
    0.006539629393314739,
    -0.6072704569215596,
    -0.962735917762176,
    -0.428979458854082,
    -0.1775333764264202,
    -0.0986001615508748,
    -0.04217288219614788,
    -0.032781923901082394,
    -0.153526530265854,
    -0.028858447847360743,
    -0.21976297778903484
  ],
  "bias": -1.2249468375941477
}