{
  "weights": [
    0.009038703308881737,
    0.004610465318217583,
    0.004127429690177269,
    -1.2172381887276127,
    0.00792399368768787,
    0.005149708117262904,
    0.009797310474096724,
    0.0019720760518710124,
    0.003458992914514347,
    0.0005202214775191338,
    0.00900675618699199,
    -0.6084255946318328,
    -0.9555543899882807,
    -0.2717435581892743,
    -0.23774690803756166,
    -0.02172607223522589,
    -0.136965860081337,
    -0.027018727560301898,
    -0.10306302137873577,
    -0.15683776994258877,
    -0.032998400487478124,
    -0.028847426642032197,
    -0.12118527737106374,
    -0.022690619134530323
  ],
  "bias": -1.214386289769447
}