{
  "weights": [
    0.0007211702768541839,
    0.00955143853577995,
    0.00028834447999193325,
    0.0007514916399940774,
    -0.8982097408406771,
    0.009995960804561816,
    0.0048044797993564295,
    0.005356720742905192,
    -0.8984804836743958,
    -0.6531448308823282,
    -0.04807388285353838,
    -0.11193485994027524,
    -0.19007907160050225,
    -0.048096569360066864,
    -0.1658011584391484,
    -0.03764907142910093,
    -0.23138149825767135,
    -0.03727640271888114
  ],
  "bias": -0.8917122189986584
}