{
  "weights": [

    -0.2627561717307637,
    0.004036564012990808,
    -0.2650314818025725,
    0.007231030588378769,
    0.0001514559895926926,
    0.0046255514612040935,
    0.004316814071644439,
    0.009412997849606631,
    -0.1994304466806779,
    -1.23422239579795,
    -0.45611164560193634,
    2.2940935334845163,
    -0.5347692361735321,
    -0.18621662817075807,
    -0.5050681234783794,
    -0.1215144139747004,
    -0.5976949353352099,
    -0.14029790854164714
  ],
  "bias": -0.26602425551430364
}

