{
  "weights": [
    -0.5410036065170517,
    -0.5475505937902597,
    0.0011197050895969585,
    0.004113400218518739,
    0.005566984393599204,
    0.005300730916150127,
    0.005467360628680818,
    0.00011289007335874457,
    -0.33580637950614006,
    -0.6254890930291256,
    0.3869135554553068,
    -0.3486988443985869,
    -0.20541918010144294,
    -0.09165918064123096,
    -0.08195986796659298,
    -0.3119248688189923,
    -0.07332784600150463,
    0.2212999789663223
  ],
  "bias": -0.5461412971740093
}