{
  "weights": [
    -1.0288606780583482,
    0.003259078236444979,
    0.0025381167712264885,
    0.0047440533847445225,
    0.005705710256506793,
    0.007864443223048618,
    0.009817784577924425,
    0.00976951573089264,
    -0.5086597329880956,
    -0.7717870914116741,
    -0.531259090297333,
    -0.15027754294452692,
    -0.24345912691186072,
    -0.060932121534993486,
    -0.2172986766638122,
    -0.04137440367029916,
    0.2975834334029408,
    -0.05009055421006456
  ],
  "bias": -1.0306841664573732
}